<keymap version="1" name="Visual Studio copy" parent="Visual Studio">
  <action id="CodeCleanup">
    <keyboard-shortcut first-keystroke="alt c" />
  </action>
  <action id="CommentByLineComment">
    <keyboard-shortcut first-keystroke="ctrl alt slash" />
    <keyboard-shortcut first-keystroke="ctrl alt divide" />
    <keyboard-shortcut first-keystroke="ctrl k" second-keystroke="c" />
    <keyboard-shortcut first-keystroke="ctrl k" second-keystroke="ctrl c" />
    <keyboard-shortcut first-keystroke="ctrl slash" />
  </action>
  <action id="EditorCloneCaretBelow">
    <keyboard-shortcut first-keystroke="alt s" />
  </action>
  <action id="EditorToggleUseSoftWraps" />
  <action id="GotoNextError">
    <keyboard-shortcut first-keystroke="alt page_down" />
    <keyboard-shortcut first-keystroke="alt close_bracket" />
  </action>
  <action id="GotoPreviousError">
    <keyboard-shortcut first-keystroke="alt page_up" />
    <keyboard-shortcut first-keystroke="alt open_bracket" />
  </action>
  <action id="Graph.ActualSize">
    <keyboard-shortcut first-keystroke="ctrl divide" />
  </action>
  <action id="Images.Editor.ActualSize">
    <keyboard-shortcut first-keystroke="ctrl divide" />
  </action>
  <action id="InsertLiveTemplate" />
  <action id="ReformatCode">
    <keyboard-shortcut first-keystroke="ctrl alt enter" />
    <keyboard-shortcut first-keystroke="ctrl k" second-keystroke="f" />
    <keyboard-shortcut first-keystroke="ctrl k" second-keystroke="ctrl f" />
    <keyboard-shortcut first-keystroke="ctrl k" second-keystroke="d" />
    <keyboard-shortcut first-keystroke="ctrl k" second-keystroke="ctrl d" />
    <keyboard-shortcut first-keystroke="alt f" />
  </action>
  <action id="RiderTypeHierarchy.BaseOnThisType" />
  <action id="SilentCodeCleanup" />
  <action id="SurroundWith">
    <keyboard-shortcut first-keystroke="ctrl e" />
  </action>
  <action id="SurroundWithLiveTemplate" />
  <action id="SwitcherRecentEditedChangedToggleCheckBox" />
  <action id="TypeHierarchy" />
  <action id="Unscramble" />
</keymap>